name,f1_score,roc_auc_score,total_actives,predicted_actives,version
transmembrane_protease_serine_11d,1.0,1.0,4,4,py35
farnesyl_pyrophosphate_synthase,1.0,1.0,36,36,py27
c3a_anaphylatoxin_chemotactic_receptor,1.0,1.0,5,5,py35
bombesin_receptor_subtype_3,1.0,1.0,24,24,py35
fatty_acid_desaturase_1,1.0,1.0,7,7,py27
arginase_1,1.0,1.0,5,5,py27
alpha_1_6_mannosyl_glycoprotein_2_beta_n_acetylglucosaminyltransferase,1.0,1.0,8,8,py27
membrane_metallo_endopeptidase_like_1,1.0,1.0,7,7,py27
hepatic_triacylglycerol_lipase,1.0,1.0,65,65,py27
probable_g_protein_coupled_receptor_142,1.0,1.0,6,6,py35
udp_glucuronosyltransferase_2b7,1.0,1.0,6,6,py27
vitamin_k_dependent_protein_c,1.0,1.0,7,7,py27
peptide_deformylase_mitochondrial,1.0,1.0,5,5,py27
c_c_chemokine_receptor_type_9,1.0,1.0,20,20,py35
carboxypeptidase_b2,1.0,1.0,32,32,py27
serine_protease_hepsin,1.0,1.0,7,7,py27
prostaglandin_e_synthase_2,1.0,1.0,6,6,py27
carboxypeptidase_b,1.0,1.0,5,5,py27
1_acyl_sn_glycerol_3_phosphate_acyltransferase_beta,1.0,1.0,17,17,py27
aldo_keto_reductase_family_1_member_c2,1.0,1.0,4,4,py27
legumain,1.0,1.0,11,11,py27
tryptophan_5_hydroxylase_1,1.0,1.0,27,27,py27
apelin_receptor,1.0,1.0,2,2,py35
solute_carrier_family_22_member_12,1.0,1.0,51,51,py35
excitatory_amino_acid_transporter_2,1.0,1.0,6,6,py35
sodium_and_chloride_dependent_gaba_transporter_1,1.0,1.0,9,9,py35
solute_carrier_family_40_member_1,1.0,1.0,5,5,py35
trace_amine_associated_receptor_1,1.0,1.0,9,9,py35
lysine_trna_ligase,1.0,1.0,7,7,py27
group_10_secretory_phospholipase_a2,1.0,1.0,4,4,py27
lysophosphatidic_acid_receptor_1,1.0,1.0,4,4,py27
g_protein_coupled_receptor_4,1.0,1.0,6,6,py27
protein_arginine_n_methyltransferase_8,1.0,1.0,6,6,py27
histone_lysine_n_methyltransferase_h3_lysine_79_specific,1.0,1.0,4,4,py27
potassium_channel_subfamily_k_member_9,1.0,1.0,8,8,py35
flap_endonuclease_1,1.0,1.0,5,5,py27
enteropeptidase,1.0,1.0,42,42,py27
glycogen_starch_synthase_muscle,1.0,1.0,4,4,py27
prostate_specific_antigen,1.0,1.0,8,8,py27
protoporphyrinogen_oxidase,1.0,1.0,4,4,py27
1_25_dihydroxyvitamin_d_3_24_hydroxylase_mitochondrial,1.0,1.0,6,6,py27
nad_p_h_dehydrogenase_quinone_1,1.0,1.0,7,7,py27
4_hydroxyphenylpyruvate_dioxygenase,1.0,1.0,15,15,py27
cytochrome_p450_26a1,1.0,1.0,18,18,py27
cytosol_aminopeptidase,1.0,1.0,4,4,py27
sphingosine_1_phosphate_receptor_4,1.0,1.0,7,7,py35
phospholipase_a2,1.0,1.0,10,10,py27
transketolase,1.0,1.0,8,8,py27
glutathione_s_transferase_p,1.0,1.0,5,5,py27
adenylate_cyclase_type_1,1.0,1.0,7,7,py27
disintegrin_and_metalloproteinase_domain_containing_protein_9,1.0,1.0,5,5,py27
glutamyl_aminopeptidase,1.0,1.0,4,4,py27
alcohol_dehydrogenase_class_3,1.0,1.0,4,4,py27
maltase_glucoamylase_intestinal,1.0,1.0,7,7,py27
tyrosyl_dna_phosphodiesterase_2,1.0,1.0,4,4,py27
natural_resistance_associated_macrophage_protein_2,1.0,1.0,5,5,py35
glutaminase_kidney_isoform_mitochondrial,1.0,1.0,100,100,py35
sodium_hydrogen_exchanger_1,1.0,1.0,30,30,py35
g_protein_coupled_receptor_55,1.0,1.0,6,6,py35
retinoic_acid_receptor_alpha,1.0,1.0,10,10,py35
retinoic_acid_receptor_gamma,1.0,1.0,18,18,py35
mitogen_activated_protein_kinase_kinase_kinase_5,1.0,1.0,4,4,py35
phosphatidylinositol_4_kinase_alpha,1.0,1.0,6,6,py35
beta_adrenergic_receptor_kinase_1,1.0,1.0,4,4,py35
metabotropic_glutamate_receptor_3,1.0,1.0,7,7,py35
ribosomal_protein_s6_kinase_alpha_5,1.0,1.0,5,5,py35
tyrosine_protein_kinase_mer,1.0,1.0,11,11,py35
2_5a_dependent_ribonuclease,1.0,1.0,5,5,py35
nt_3_growth_factor_receptor,1.0,1.0,4,4,py35
mitogen_activated_protein_kinase_kinase_kinase_kinase_4,1.0,1.0,4,4,py35
neurotensin_receptor_type_1,1.0,1.0,9,9,py35
map_kinase_interacting_serine_threonine_protein_kinase_2,1.0,1.0,26,26,py35
low_affinity_sodium_glucose_cotransporter,1.0,1.0,5,5,py35
serine_threonine_protein_kinase_sgk1,1.0,1.0,9,9,py35
mitogen_activated_protein_kinase_3,1.0,1.0,7,7,py35
serine_threonine_protein_kinase_tnni3k,1.0,1.0,7,7,py35
deoxycytidine_kinase,1.0,1.0,9,9,py35
mitogen_activated_protein_kinase_kinase_kinase_14,1.0,1.0,99,99,py35
kiss_1_receptor,1.0,1.0,29,29,py35
prostaglandin_d2_receptor,1.0,1.0,34,34,py35
putative_p2y_purinoceptor_10,1.0,1.0,7,7,py35
glutamate_receptor_4,1.0,1.0,4,4,py35
short_transient_receptor_potential_channel_6,1.0,1.0,4,4,py35
transient_receptor_potential_cation_channel_subfamily_v_member_3,1.0,1.0,38,38,py35
gamma_aminobutyric_acid_receptor_subunit_alpha_6,1.0,1.0,8,8,py35
steroid_hormone_receptor_err1,1.0,1.0,7,7,py35
retinoic_acid_receptor_rxr_beta,1.0,1.0,11,11,py35
bcl_2_related_protein_a1,1.0,1.0,4,4,py35
egl_nine_homolog_2,1.0,1.0,10,10,py35
equilibrative_nucleoside_transporter_1,1.0,1.0,31,31,py35
solute_carrier_family_2_facilitated_glucose_transporter_member_3,1.0,1.0,4,4,py35
hypoxia_inducible_factor_1_alpha,1.0,1.0,4,4,py35
toll_like_receptor_8,1.0,1.0,5,5,py35
elongation_of_very_long_chain_fatty_acids_protein_6,1.0,1.0,17,17,py35
regulator_of_g_protein_signaling_4,1.0,1.0,4,4,py35
vasopressin_v1b_receptor,1.0,1.0,20,20,py35
toll_like_receptor_7,1.0,1.0,6,6,py35
low_affinity_immunoglobulin_epsilon_fc_receptor,1.0,1.0,4,4,py35
integrin_alpha_v,1.0,1.0,5,5,py35
galectin_34,1.0,1.0,4,4,py35
eukaryotic_initiation_factor_4a_i,1.0,1.0,7,7,py35
igg_receptor_fcrn_large_subunit_p51,1.0,1.0,7,7,py35
intercellular_adhesion_molecule_1,1.0,1.0,24,24,py35
fibroblast_growth_factor_1,1.0,1.0,10,10,py35
cx3c_chemokine_receptor_1,1.0,1.0,4,4,py35
lysophosphatidic_acid_receptor_3,1.0,1.0,8,8,py35
c_c_chemokine_receptor_like_2,1.0,1.0,18,18,py35
period_circadian_protein_homolog_2,1.0,1.0,5,5,py35
niemann_pick_c1_like_protein_1,1.0,1.0,5,5,py35
complement_c1s_subcomponent,1.0,1.0,12,12,py35
endothelial_pas_domain_containing_protein_1,1.0,1.0,4,4,py35
c_c_motif_chemokine_5,1.0,1.0,6,6,py35
sphingosine_1_phosphate_receptor_2,1.0,1.0,19,19,py35
e_selectin,1.0,1.0,26,26,py35
tyrosine_protein_phosphatase_non_receptor_type_11,1.0,1.0,5,5,py27
cytochrome_p450_1b1,1.0,1.0,11,11,py27
insulin_like_growth_factor_binding_protein_3,1.0,1.0,4,4,py27
kininogen_1,1.0,1.0,10,10,py27
folate_receptor_alpha,1.0,1.0,7,7,py27
calcitonin_gene_related_peptide_1,1.0,1.0,10,10,py27
trifunctional_purine_biosynthetic_protein_adenosine_3,1.0,1.0,8,8,py27
appetite_regulating_hormone,1.0,1.0,4,4,py27
growth_factor_receptor_bound_protein_2,1.0,1.0,25,25,py27
long_chain_fatty_acid_transport_protein_1,1.0,1.0,5,5,py27
cyclin_t1,1.0,1.0,32,32,py27
vascular_cell_adhesion_protein_1,1.0,1.0,8,8,py27
sodium_calcium_exchanger_1,1.0,1.0,65,65,py35
mitogen_activated_protein_kinase_kinase_kinase_8,1.0,1.0,6,6,py27
neuropeptide_y_receptor_type_4,1.0,1.0,6,6,py27
protein_kinase_c_gamma_type,1.0,1.0,4,4,py27
mitogen_activated_protein_kinase_kinase_kinase_12,1.0,1.0,79,79,py27
mitogen_activated_protein_kinase_1,0.9969418960244648,0.9999085756079722,163,164,py27
sodium_glucose_cotransporter_1,0.9965156794425089,0.9998908058528062,143,144,py27
complement_factor_d,0.9959839357429718,0.996,125,124,py35
prostaglandin_d2_receptor_2,0.9927272727272728,0.9927797833935018,277,273,py35
sodium_glucose_cotransporter_2,0.9922077922077922,0.9922680412371134,194,191,py35
p2x_purinoceptor_3,0.9910979228486648,0.9939982950895778,169,168,py27
proteinase_activated_receptor_1,0.9909909909909907,0.9910714285714286,56,55,py35
histone_lysine_n_methyltransferase_ezh2,0.9902912621359222,0.9997266265718971,51,52,py27
corticotropin_releasing_factor_receptor_1,0.989384288747346,0.9935203360470432,236,235,py35
somatostatin_receptor_type_3,0.9887640449438202,0.9888888888888888,45,44,py35
serine_threonine_protein_kinase_mtor,0.9883570504527812,0.997111673229412,384,389,py27
protein_kinase_c_beta_type,0.9879518072289156,0.988095238095238,42,41,py27
endothelin_b_receptor,0.9876543209876544,0.9878048780487804,41,40,py35
sodium_dependent_dopamine_transporter,0.9874055415617128,0.9947094181249112,396,398,py27
inhibitor_of_nuclear_factor_kappa_b_kinase_subunit_beta,0.9873417721518988,0.9875,40,39,py27
prostaglandin_e2_receptor_ep1_subtype,0.9873417721518988,0.9875,80,78,py35
retinoic_acid_receptor_rxr_alpha,0.9870129870129868,0.9996423462088698,38,39,py35
ileal_sodium_bile_acid_cotransporter,0.9866666666666666,0.986842105263158,38,37,py27
cyclin_dependent_kinase_6,0.9866666666666666,0.986842105263158,38,37,py27
bile_acid_receptor,0.9863013698630138,0.9995344506517692,36,37,py35
isocitrate_dehydrogenase_nadp_cytoplasmic,0.9863013698630138,0.9864864864864864,74,72,py27
microsomal_triglyceride_transfer_protein_large_subunit,0.9863013698630138,0.9995344506517692,36,37,py27
stromelysin_1,0.9859649122807016,0.9944591619375214,284,286,py27
acetyl_coenzyme_a_transporter_1,0.9859154929577464,0.9861111111111112,36,35,py27
neuropeptide_y_receptor_type_1,0.9857142857142858,0.9859154929577464,71,69,py35
glutamate_carboxypeptidase_2,0.9855072463768116,0.9857142857142858,35,34,py27
lysosomal_protective_protein,0.9855072463768116,0.9996296296296296,34,35,py27
fibroblast_growth_factor_receptor_3,0.9852941176470588,0.9855072463768116,69,67,py35
urokinase_type_plasminogen_activator,0.9852216748768472,0.9854368932038836,103,100,py35
disintegrin_and_metalloproteinase_domain_containing_protein_17,0.9850746268656716,0.9954152772805708,233,236,py27
bone_morphogenetic_protein_1,0.9848484848484848,0.9995344506517692,65,67,py35
platelet_activating_factor_acetylhydrolase,0.9848484848484848,0.9850746268656716,67,65,py27
sphingosine_1_phosphate_receptor_5,0.9846153846153848,0.9848484848484848,33,32,py35
melanocortin_receptor_4,0.9839080459770116,0.9972570563342004,215,220,py35
prostaglandin_e2_receptor_ep4_subtype,0.9838709677419354,0.9841269841269842,63,61,py35
fatty_acid_synthase,0.9837837837837836,0.994232881066944,92,93,py27
casein_kinase_ii_subunit_alpha,0.9836065573770492,0.9838709677419356,31,30,py27
vesicular_acetylcholine_transporter,0.9836065573770492,0.9995881383855024,30,31,py27
glutaminyl_peptide_cyclotransferase,0.9836065573770492,0.9838709677419356,31,30,py27
2_acylglycerol_o_acyltransferase_2,0.9836065573770492,0.9838709677419356,31,30,py35
15_hydroxyprostaglandin_dehydrogenase_nad_,0.983050847457627,0.9833333333333334,30,29,py27
ribosomal_protein_s6_kinase_beta_1,0.983050847457627,0.999476713762428,58,60,py27
tyrosine_protein_phosphatase_non_receptor_type_2,0.983050847457627,0.9833333333333334,30,29,py27
transitional_endoplasmic_reticulum_atpase,0.9824561403508772,0.9827586206896552,29,28,py27
disintegrin_and_metalloproteinase_domain_containing_protein_10,0.9824561403508772,0.9827586206896552,29,28,py27
c5a_anaphylatoxin_chemotactic_receptor_1,0.9824561403508772,0.9827586206896552,29,28,py35
sphingosine_1_phosphate_receptor_1,0.9820359281437128,0.9965273756675029,165,169,py35
maternal_embryonic_leucine_zipper_kinase,0.9818181818181816,0.992362053024772,137,138,py27
acetyl_coa_carboxylase_2,0.9816753926701572,0.9820051413881749,389,375,py27
glucagon,0.981132075471698,0.9993215739484396,26,27,py35
cyclin_dependent_kinase_4,0.98,0.9803921568627452,102,98,py27
e3_ubiquitin_protein_ligase_xiap,0.9797979797979798,0.9801980198019802,101,97,py27
melatonin_receptor_type_1a,0.979757085020243,0.9915108092905206,123,124,py35
matrix_metalloproteinase_14,0.9795918367346941,0.9862836467298942,74,73,py27
high_affinity_camp_specific_and_ibmx_insensitive_3_5_cyclic_phosphodiesterase_8b,0.979591836734694,0.98,25,24,py27
e3_ubiquitin_protein_ligase_mdm2,0.9792663476874004,0.9870579225842384,315,312,py27
prostaglandin_e2_receptor_ep3_subtype,0.9790209790209792,0.9794520547945204,73,70,py35
probable_g_protein_coupled_receptor_88,0.9787234042553192,0.9791666666666669,24,23,py35
p2y_purinoceptor_12,0.9781021897810218,0.9785714285714286,140,134,py35
diacylglycerol_o_acyltransferase_1,0.9765625,0.980654604451028,130,126,py27
gastrin_cholecystokinin_type_b_receptor,0.976,0.9953080787076676,123,127,py27
oxytocin_receptor,0.975609756097561,0.9896855270358654,102,103,py35
cgmp_dependent_3_5_cyclic_phosphodiesterase,0.9748743718592964,0.980053761290728,101,98,py35
mu_type_opioid_receptor,0.9748110831234256,0.9870037092061716,397,397,py35
serine_threonine_protein_kinase_pim_3,0.9745762711864406,0.9752066115702479,121,115,py27
melatonin_receptor_type_1b,0.9745454545454544,0.9817896188780602,139,136,py35
neuromedin_k_receptor,0.9743589743589745,0.975,80,76,py35
free_fatty_acid_receptor_1,0.9743589743589745,0.975,40,38,py35
endothelin_1_receptor,0.9738562091503268,0.9745222929936306,157,149,py35
sphingosine_1_phosphate_receptor_3,0.9736842105263158,0.9743589743589745,39,37,py35
melanin_concentrating_hormone_receptor_1,0.9733163913595936,0.9917741135314454,389,398,py27
b1_bradykinin_receptor,0.9732620320855616,0.9836965324302436,94,93,py27
beta_3_adrenergic_receptor,0.972972972972973,0.9736842105263156,38,36,py27
phospholipase_d1,0.972972972972973,0.9736842105263156,19,18,py35
suppressor_of_tumorigenicity_14_protein,0.972972972972973,0.9861747657882322,37,37,py35
baculoviral_iap_repeat_containing_protein_3,0.972972972972973,0.9736842105263156,19,18,py35
alk_tyrosine_kinase_receptor,0.9727272727272728,0.9902940559628152,109,111,py27
5_hydroxytryptamine_receptor_4,0.9726027397260274,0.9795263123171992,74,72,py27
3_phosphoinositide_dependent_protein_kinase_1,0.9724770642201834,0.9815487852664576,55,54,py27
peroxisome_proliferator_activated_receptor_delta,0.9722222222222222,0.972972972972973,74,70,py35
cell_division_cycle_7_related_protein_kinase,0.9722222222222222,0.972972972972973,37,35,py27
sn1_specific_diacylglycerol_lipase_alpha,0.9714285714285714,0.9991423670668952,17,18,py27
glucose_dependent_insulinotropic_receptor,0.9714285714285714,0.9993842364532021,34,36,py35
insulin_like_growth_factor_1_receptor,0.9708737864077671,0.980452507796258,156,153,py27
high_affinity_cgmp_specific_3_5_cyclic_phosphodiesterase_9a,0.9705882352941176,0.9848197343453512,34,34,py27
carbonic_anhydrase_13,0.9705882352941176,0.9714285714285714,35,33,py27
glutamate_receptor_ionotropic_kainate_1,0.9705882352941176,0.9714285714285714,35,33,py27
cholecystokinin_receptor_type_a,0.9705882352941176,0.9714285714285714,35,33,py35
glucagon_receptor,0.9704641350210972,0.9949381521664018,116,121,py35
c_c_chemokine_receptor_type_2,0.9700598802395209,0.981807680337092,168,166,py35
prolactin_releasing_peptide_receptor,0.9696969696969696,0.9705882352941176,17,16,py35
_pyruvate_dehydrogenase_acetyl_transferring_kinase_isozyme_2_mitochondrial,0.9696969696969696,0.9705882352941176,17,16,py27
protein_kinase_c_theta_type,0.9696969696969696,0.999000499750125,64,68,py27
stromelysin_2,0.9696969696969696,0.9705882352941176,17,16,py27
leukotriene_a_4_hydrolase,0.968944099378882,0.9869495412844036,80,81,py27
hepatocyte_growth_factor_receptor,0.968944099378882,0.9811475916651208,243,240,py27
serine_threonine_protein_kinase_pim_1,0.9686098654708521,0.975585189597502,227,219,py27
collagenase_3,0.9685863874345548,0.9754071732929532,389,375,py27
rac_beta_serine_threonine_protein_kinase,0.9682539682539684,0.9692307692307692,65,61,py27
c_x_c_chemokine_receptor_type_2,0.967741935483871,0.96875,80,75,py35
phosphatidylinositol_4_5_bisphosphate_3_kinase_catalytic_subunit_alpha_isoform,0.967032967032967,0.9779423982276378,276,270,py27
aurora_kinase_b,0.9669421487603306,0.9791484844910956,122,120,py27
deoxyuridine_5_triphosphate_nucleotidohydrolase_mitochondrial,0.9666666666666668,0.982779623477298,30,30,py35
c_c_chemokine_receptor_type_5,0.9663865546218487,0.9907487661008788,234,242,py35
beta_secretase_1,0.9660130718954248,0.9729203371827168,781,749,py27
c_c_chemokine_receptor_type_3,0.9658119658119658,0.9669421487603306,121,113,py35
tyrosine_protein_kinase_syk,0.9655172413793104,0.9769444278636662,176,172,py27
trypsin_1,0.9652996845425869,0.9664634146341464,164,153,py35
delta_type_opioid_receptor,0.9652042360060514,0.9827652053151532,330,331,py35
carnitine_o_palmitoyltransferase_1_liver_isoform,0.9651741293532338,0.9707260322706512,103,98,py27
dipeptidyl_peptidase_1,0.965034965034965,0.9787304616503091,144,142,py27
sodium_channel_protein_type_9_subunit_alpha,0.9645021645021644,0.9687574719220288,594,561,py27
poly_adp_ribose_polymerase_1,0.9641873278236912,0.9777124124999824,366,360,py27
c_x_c_chemokine_receptor_type_3,0.9640287769784172,0.9716119758410297,71,68,py35
p2y_purinoceptor_1,0.9638554216867471,0.9871031236628156,41,42,py35
p2x_purinoceptor_7,0.9636963696369636,0.982846337044158,302,304,py27
vasopressin_v2_receptor,0.9635036496350364,0.9915687904304146,67,70,py35
dipeptidyl_peptidase_4,0.9630793401413984,0.9813789373892884,636,637,py27
leucine_rich_repeat_serine_threonine_protein_kinase_2,0.962962962962963,0.9736526164271884,96,93,py27
focal_adhesion_kinase_1,0.962962962962963,0.9843874990598998,67,68,py27
peptidyl_prolyl_cis_trans_isomerase_fkbp1a,0.9629629629629628,0.9865884229717412,80,82,py27
dual_specificity_protein_kinase_ttk,0.9629629629629628,0.9868127147766323,40,41,py27
proteasome_subunit_beta_type_5,0.9620253164556964,0.9634146341463414,41,38,py35
retinol_binding_protein_4,0.9615384615384616,0.962962962962963,27,25,py27
potassium_channel_subfamily_k_member_3,0.9615384615384616,0.962962962962963,27,25,py35
smoothened_homolog,0.9610389610389609,0.9625,40,37,py35
neprilysin,0.9606299212598424,0.9760986781076068,64,63,py27
glycogen_phosphorylase_liver_form,0.9605263157894736,0.9923076145007282,74,78,py27
gamma_aminobutyric_acid_receptor_subunit_alpha_5,0.96,0.9658719248503594,103,97,py35
coagulation_factor_vii,0.96,0.9615384615384616,52,48,py27
wee1_like_protein_kinase,0.96,0.9990671641791044,12,13,py27
melanocyte_stimulating_hormone_receptor,0.96,0.9990138067061144,12,13,py35
traf2_and_nck_interacting_protein_kinase,0.96,0.9615384615384616,26,24,py27
fructose_1_6_bisphosphatase_1,0.96,0.9794327850255248,50,50,py27
coagulation_factor_xi,0.96,0.9685181965693092,64,61,py27
non_receptor_tyrosine_protein_kinase_tyk2,0.96,0.9793894993894994,25,25,py35
glutamate_receptor_ionotropic_nmda_2b,0.96,0.9794110718492344,25,25,py27
endothelin_converting_enzyme_1,0.96,0.9703159041394336,51,49,py27
rac_alpha_serine_threonine_protein_kinase,0.959752321981424,0.9721764341754164,164,159,py27
transient_receptor_potential_cation_channel_subfamily_m_member_8,0.9583333333333334,0.9987515605493134,69,75,py35
heat_shock_protein_hsp_90_alpha,0.9581993569131834,0.9711185067650804,158,153,py27
interstitial_collagenase,0.9580645161290324,0.9814217032967032,308,312,py27
angiotensin_converting_enzyme,0.9577464788732396,0.9594594594594594,74,68,py35
caspase_1,0.9577464788732396,0.9594594594594594,74,68,py35
adenosine_kinase,0.9577464788732396,0.9985148514851484,34,37,py35
coagulation_factor_ix,0.9577464788732396,0.9990763546798028,34,37,py27
potassium_voltage_gated_channel_subfamily_a_member_3,0.9577464788732396,0.9990763546798028,34,37,py35
calcitonin_gene_related_peptide_type_1_receptor,0.9574468085106383,0.9830145100509454,93,95,py35
serine_threonine_protein_kinase_pim_2,0.956896551724138,0.9623762069819262,120,112,py27
neuropeptide_y_receptor_type_2,0.9565217391304348,0.9773882692161772,23,23,py35
glycylpeptide_n_tetradecanoyltransferase_1,0.9565217391304348,0.9990421455938696,11,12,py27
glutamate_receptor_1,0.9565217391304348,0.9583333333333331,12,11,py35
a_disintegrin_and_metalloproteinase_with_thrombospondin_motifs_4,0.9565217391304348,0.9583333333333331,36,33,py27
squalene_synthase,0.9565217391304348,0.9709668909114892,35,34,py27
eukaryotic_translation_initiation_factor_2_alpha_kinase_3,0.9565217391304348,0.9988839285714284,11,12,py27
72_kda_type_iv_collagenase,0.9560185185185186,0.9752788617674559,434,430,py27
arachidonate_15_lipoxygenase,0.955223880597015,0.983945142481728,33,34,py27
peroxisome_proliferator_activated_receptor_gamma,0.9548022598870056,0.9567567567567568,185,169,py27
thymidylate_synthase,0.9545454545454548,0.9696616866908752,67,65,py27
alkaline_phosphatase_tissue_nonspecific_isozyme,0.954248366013072,0.9657653118351808,78,75,py35
acetyl_coa_carboxylase_1,0.9532710280373832,0.9985697940503432,51,56,py27
bifunctional_epoxide_hydrolase_2,0.9530434782608695,0.9702811093167121,291,284,py27
baculoviral_iap_repeat_containing_protein_2,0.953020134228188,0.9982323232323232,71,78,py27
steroid_17_alpha_hydroxylase_17_20_lyase,0.9528795811518324,0.9594337799008574,99,92,py27
egl_nine_homolog_1,0.9523809523809524,0.9868088621125256,41,43,py27
serine_threonine_protein_kinase_pak_1,0.9523809523809524,0.9545454545454546,11,10,py35
palmitoleoyl_protein_carboxylesterase_notum,0.9523809523809524,0.99890590809628,10,11,py35
serine_threonine_protein_kinase_nek1,0.9523809523809524,0.9987255734919288,30,33,py27
protein_o_glcnacase,0.9523809523809524,0.9545454545454546,11,10,py27
ephrin_type_b_receptor_4,0.9523809523809524,0.9545454545454546,11,10,py27
heparanase,0.9523809523809524,0.9545454545454546,22,20,py35
protein_s_isoprenylcysteine_o_methyltransferase,0.9523809523809524,0.9545454545454546,11,10,py27
furin,0.9523809523809524,0.9989270386266094,10,11,py27
sorbitol_dehydrogenase,0.9523809523809524,0.9989224137931034,10,11,py27
bromodomain_containing_protein_3,0.9512195121951221,0.9987922705314008,39,43,py27
methionine_aminopeptidase_2,0.951048951048951,0.9592571940872912,74,69,py27
inosine_5_monophosphate_dehydrogenase_2,0.9504950495049505,0.9700022405680699,102,100,py27
caspase_3,0.9503105590062112,0.9715466769606896,162,160,py27
acyl_coa_desaturase,0.9502762430939228,0.9668854021555832,92,89,py27
orexin_receptor_type_1,0.9502262443438914,0.9602627417251616,114,107,py35
peroxisome_proliferator_activated_receptor_alpha,0.949640287769784,0.952054794520548,73,66,py35
somatostatin_receptor_type_2,0.9494949494949496,0.978115458781938,49,50,py35
caspase_7,0.9489051094890512,0.9703723694659521,69,68,py27
thyroid_hormone_receptor_beta,0.9487179487179488,0.951219512195122,41,37,py35
cytochrome_p450_11b2_mitochondrial,0.9487179487179486,0.959331529547506,161,151,py27
sterol_o_acyltransferase_2,0.9473684210526316,0.95,20,18,py27
plasminogen_activator_inhibitor_1,0.9473684210526316,0.95,10,9,py27
s_methyl_5_thioadenosine_phosphorylase,0.9473684210526316,0.95,10,9,py35
monocarboxylate_transporter_1,0.9473684210526316,0.9989406779661018,9,10,py27
cathepsin_l2,0.9473684210526316,0.95,10,9,py27
calpain_2_catalytic_subunit,0.9473684210526316,0.9649683939588932,29,28,py27
secreted_frizzled_related_protein_1,0.9473684210526316,0.95,10,9,py27
scavenger_receptor_class_b_member_1,0.9473684210526316,0.9986449864498644,9,10,py27
lethal_3_malignant_brain_tumor_like_protein_3,0.9473684210526316,0.95,10,9,py27
c_c_chemokine_receptor_type_8,0.9473684210526316,0.9985250737463126,9,10,py27
retinoic_acid_receptor_rxr_gamma,0.9473684210526316,0.95,10,9,py35
glucokinase_regulatory_protein,0.9473684210526316,0.95,10,9,py27
macrophage_metalloelastase,0.9473684210526316,0.9555107425909928,79,73,py27
phosphatidylinositol_4_5_bisphosphate_3_kinase_catalytic_subunit_beta_isoform,0.9473684210526316,0.9776981137563444,94,96,py27
calpain_1_catalytic_subunit,0.9473684210526316,0.9555107425909928,79,73,py27
vasopressin_v1a_receptor,0.9467455621301776,0.9697958422671764,85,84,py35
oxysterols_receptor_lxr_beta,0.9465648854961832,0.975951731609818,65,66,py35
5_hydroxytryptamine_receptor_6,0.9462365591397848,0.9523349629276628,389,355,py27
5_hydroxytryptamine_receptor_1d,0.946031746031746,0.95408759156258,164,151,py27
high_affinity_camp_specific_3_5_cyclic_phosphodiesterase_7a,0.9456521739130436,0.9622927713269348,94,90,py27
estradiol_17_beta_dehydrogenase_1,0.9454545454545454,0.9558827517015104,57,53,py27
prolyl_endopeptidase,0.9454545454545454,0.9482758620689656,29,26,py27
vitamin_d3_receptor,0.9454545454545454,0.9979838709677421,26,29,py35
angiopoietin_1_receptor,0.9454545454545454,0.9482758620689656,29,26,py35
neuronal_acetylcholine_receptor_subunit_alpha_4,0.9454545454545454,0.9482758620689656,29,26,py35
tyrosine_protein_kinase_abl1,0.9453125,0.9481481481481482,135,121,py35
transient_receptor_potential_cation_channel_subfamily_v_member_1,0.9452054794520548,0.9566547185100526,302,282,py27
tyrosine_protein_kinase_jak2,0.9448529411764708,0.9633700403015476,277,267,py27
testosterone_17_beta_dehydrogenase_3,0.9444444444444444,0.9712911235257604,36,36,py27
sex_hormone_binding_globulin,0.9444444444444444,0.9473684210526316,19,17,py27
retinoic_acid_receptor_beta,0.9444444444444444,0.9473684210526316,19,17,py35
multidrug_resistance_associated_protein_1,0.9444444444444444,0.9473684210526316,19,17,py27
amyloid_beta_a4_protein,0.9440993788819876,0.9741020114942528,80,81,py27
tgf_beta_receptor_type_1,0.9440000000000001,0.9604377498750624,64,61,py27
sodium_and_chloride_dependent_glycine_transporter_1,0.9435897435897436,0.9508414260645892,102,93,py27
beta_secretase_2,0.9433962264150944,0.9464285714285714,84,75,py27
nad_dependent_protein_deacetylase_sirtuin_2,0.9428571428571428,0.945945945945946,37,33,py35
prothrombin,0.9422382671480144,0.9621969821196475,564,544,py27
metabotropic_glutamate_receptor_5,0.9421487603305784,0.959194210850369,124,118,py35
microtubule_associated_protein_2,0.9411764705882352,0.9444444444444444,9,8,py27
kynurenine_alpha_aminoadipate_aminotransferase_mitochondrial,0.9411764705882352,0.9444444444444444,9,8,py27
glycogen_phosphorylase_muscle_form,0.9411764705882352,0.9697079536039768,17,17,py27
solute_carrier_family_2_facilitated_glucose_transporter_member_1,0.9411764705882352,0.9985632183908044,8,9,py27
serine_threonine_protein_kinase_tbk1,0.9411764705882352,0.9444444444444444,18,16,py27
tyrosine_protein_kinase_jak3,0.9411764705882352,0.9630928964957092,138,134,py35
aldehyde_dehydrogenase_mitochondrial,0.9411764705882352,0.9444444444444444,18,16,py27
serine_threonine_protein_kinase_pak_4,0.9411764705882352,0.9444444444444444,9,8,py35
histone_lysine_n_methyltransferase_ehmt2,0.9411764705882352,0.9444444444444444,9,8,py35
serine_threonine_protein_kinase_d1,0.9411764705882352,0.9444444444444444,9,8,py35
mitogen_activated_protein_kinase_8,0.9411764705882352,0.9697681150098092,51,51,py27
cyclin_dependent_kinase_2,0.9403973509933776,0.9491856662563612,79,72,py27
progesterone_receptor,0.9402985074626864,0.9529036317007809,139,129,py35
substance_p_receptor,0.9398496240601504,0.9771147761430152,392,406,py27
serine_threonine_protein_kinase_chk1,0.9398280802292264,0.9651704172387034,176,173,py27
nociceptin_receptor,0.9396325459317584,0.9701533510034078,190,191,py35
tryptase_alpha_beta_1,0.9393939393939394,0.9831594408427876,32,34,py35
orexin_receptor_type_2,0.9393939393939394,0.95546734630107,170,160,py35
urotensin_2_receptor,0.9393939393939394,0.9827586206896552,32,34,py35
voltage_dependent_calcium_channel_subunit_alpha_2_delta_1,0.9393939393939392,0.9428571428571428,35,31,py35
neutrophil_collagenase,0.9391304347826088,0.9674011202453944,173,172,py27
lim_domain_kinase_2,0.9387755102040816,0.9777700186219741,24,25,py27
ribosomal_protein_s6_kinase_alpha_3,0.9387755102040816,0.9777854511970536,24,25,py35
thyroid_hormone_receptor_alpha,0.9387755102040816,0.9423076923076924,26,23,py35
adenosylhomocysteinase,0.9387755102040816,0.9423076923076924,26,23,py35
hydroxycarboxylic_acid_receptor_2,0.9387755102040816,0.9423076923076924,26,23,py35
lanosterol_synthase,0.9387755102040816,0.9423076923076924,26,23,py35
fibroblast_growth_factor_receptor_1,0.9384615384615386,0.9420289855072465,69,61,py27
g2_mitotic_specific_cyclin_b3,0.9382716049382716,0.9520502645502644,42,39,py27
bcl_2_like_protein_1,0.9381443298969072,0.9589438565636804,99,95,py27
opioid_growth_factor_receptor_like_protein_1,0.9375,0.9678474729241876,16,16,py35
signal_transducer_and_activator_of_transcription_6,0.9375,0.9411764705882352,17,15,py35
chymase,0.9370629370629372,0.9583029071842316,73,70,py27
steryl_sulfatase,0.9361702127659576,0.94,50,44,py27
caspase_8,0.9361702127659574,0.9577352472089312,24,23,py27
renin,0.935593220338983,0.9664093583099224,443,442,py27
g_protein_coupled_bile_acid_receptor_1,0.935483870967742,0.9525832881906826,32,30,py35
glucocorticoid_receptor,0.9346092503987242,0.9571475432221904,320,307,py27
carbonic_anhydrase_2,0.9343863912515188,0.965195467804858,825,821,py27
branched_chain_amino_acid_aminotransferase_mitochondrial,0.9333333333333332,0.9375,8,7,py27
methionine_trna_ligase_cytoplasmic,0.9333333333333332,0.9375,8,7,py27
serine_threonine_protein_kinase_plk3,0.9333333333333332,0.9375,8,7,py35
phosphoethanolamine_phosphocholine_phosphatase,0.9333333333333332,0.9375,8,7,py27
ras_guanyl_releasing_protein_3,0.9333333333333332,0.9984326018808776,7,8,py27
dipeptidyl_peptidase_2,0.9333333333333332,0.9484238310708898,39,36,py27
serine_threonine_protein_kinase_plk2,0.9333333333333332,0.9375,8,7,py27
plasma_kallikrein,0.9333333333333332,0.9511829806118771,31,29,py27
thromboxane_a2_receptor,0.9333333333333332,0.9375,64,56,py35
raf_proto_oncogene_serine_threonine_protein_kinase,0.9333333333333332,0.9375,32,28,py27
arginase_2_mitochondrial,0.9333333333333332,0.9375,8,7,py27
high_affinity_nerve_growth_factor_receptor,0.9333333333333332,0.9375,96,84,py27
_pyruvate_dehydrogenase_acetyl_transferring_kinase_isozyme_1_mitochondrial,0.9333333333333332,0.9375,24,21,py35
somatostatin_receptor_type_5,0.9333333333333332,0.9790017230473947,51,54,py35
histone_deacetylase_3,0.9333333333333332,0.954667725803831,123,117,py27
inhibitor_of_nuclear_factor_kappa_b_kinase_subunit_epsilon,0.9333333333333332,0.9984662576687116,7,8,py27
peptidyl_prolyl_cis_trans_isomerase_a,0.9302325581395348,0.934782608695652,23,20,py35
alpha_1d_adrenergic_receptor,0.9297658862876256,0.9423674669279766,157,142,py27
aldose_reductase,0.9289617486338798,0.9336734693877552,98,85,py35
protein_kinase_c_alpha_type,0.9285714285714286,0.9633260213874416,42,42,py27
phospholipase_a2_membrane_associated,0.9285714285714286,0.9333333333333332,30,26,py27
beta_1_adrenergic_receptor,0.9285714285714286,0.9632196162046908,56,56,py27
tyrosine_protein_kinase_itk_tsk,0.9285714285714284,0.9859957882069796,40,44,py35
carbonic_anhydrase_14,0.9281767955801106,0.9373302783435168,96,85,py27
camp_and_camp_inhibited_cgmp_3_5_cyclic_phosphodiesterase_10a,0.9281767955801106,0.9517796672646174,557,529,py27
histamine_h4_receptor,0.927536231884058,0.9521403432046316,106,101,py35
muscarinic_acetylcholine_receptor_m3,0.9272727272727272,0.941878819321693,173,157,py35
cannabinoid_receptor_2,0.9269662921348314,0.9363623972851158,378,334,py27
amine_oxidase_flavin_containing_b,0.9268292682926829,0.963324549846289,225,226,py27
dipeptidyl_peptidase_8,0.9268292682926828,0.9516233766233768,63,60,py27
cyclin_dependent_kinase_8,0.9268292682926828,0.9975409836065572,19,22,py27
matrilysin,0.9268292682926828,0.9517133956386292,42,40,py27
cytochrome_p450_11b1_mitochondrial,0.9261083743842364,0.9554466243121116,103,100,py27
induced_myeloid_leukemia_cell_differentiation_protein_mcl_1,0.9256198347107438,0.9307692307692308,65,56,py27
growth_hormone_secretagogue_receptor_type_1,0.9255319148936167,0.9390853926491076,99,89,py35
rho_associated_protein_kinase_2,0.9254901960784314,0.9780211232303676,123,132,py27
cholesteryl_ester_transfer_protein,0.925,0.9334781964987288,128,112,py27
kappa_type_opioid_receptor,0.9237410071942448,0.9370263285120568,367,328,py35
d4_dopamine_receptor,0.9233870967741936,0.9552899513058876,251,245,py27
prolyl_endopeptidase_fap,0.9230769230769232,0.9721217105263156,19,20,py27
transcription_intermediary_factor_1_alpha,0.923076923076923,0.9285714285714286,7,6,py35
neurotensin_receptor_type_2,0.923076923076923,0.9285714285714286,7,6,py27
glutamate_receptor_ionotropic_nmda_1,0.923076923076923,0.9285714285714286,7,6,py27
baculoviral_iap_repeat_containing_protein_5,0.923076923076923,0.9964788732394366,6,7,py27
metabotropic_glutamate_receptor_4,0.923076923076923,0.9285714285714286,7,6,py35
ef_hand_calcium_binding_domain_containing_protein_4b,0.923076923076923,0.9285714285714286,7,6,py27
calcium_activated_potassium_channel_subunit_alpha_1,0.923076923076923,0.9285714285714286,7,6,py35
sodium_and_chloride_dependent_glycine_transporter_2,0.923076923076923,0.9285714285714286,7,6,py27
map_kinase_activated_protein_kinase_2,0.923076923076923,0.9408061002178648,34,31,py27
dual_specificity_tyrosine_phosphorylation_regulated_kinase_1a,0.923076923076923,0.9285714285714286,7,6,py27
thymidine_phosphorylase,0.923076923076923,0.9285714285714286,7,6,py35
mitogen_activated_protein_kinase_13,0.923076923076923,0.9285714285714286,7,6,py27
aurora_kinase_a,0.9213483146067416,0.9751318029442864,172,184,py27
histone_deacetylase_1,0.9212690951821388,0.9508308222647854,434,417,py27
dual_specificity_mitogen_activated_protein_kinase_kinase_1,0.9210526315789472,0.9371841440303222,40,36,py35
carbonic_anhydrase_9,0.9209100758396532,0.942187047494932,480,443,py27
d3_dopamine_receptor,0.9202586206896552,0.9609621536333376,462,466,py27
macrophage_colony_stimulating_factor_1_receptor,0.9195402298850576,0.9585552589897344,87,87,py27
d1a_dopamine_receptor,0.9189189189189191,0.9465408805031448,95,90,py35
l_lactate_dehydrogenase_a_chain,0.9189189189189187,0.997391304347826,17,20,py27
tyrosine_protein_kinase_hck,0.9189189189189187,0.925,20,17,py35
b2_bradykinin_receptor,0.9185185185185184,0.954687324260488,68,67,py27
sodium_dependent_noradrenaline_transporter,0.9176470588235296,0.9598208348161168,423,427,py27
nad_dependent_protein_deacetylase_sirtuin_1,0.9166666666666666,0.9979123173277662,11,13,py27
matrix_metalloproteinase_9,0.9166666666666666,0.9327272235300484,381,339,py27
cathepsin_b,0.916256157635468,0.9635549132947976,100,103,py27
carbonic_anhydrase_7,0.9162011173184356,0.9356935683426972,94,85,py27
potassium_voltage_gated_channel_subfamily_a_member_5,0.9158878504672898,0.9295679537566008,114,100,py35
alpha_1a_adrenergic_receptor,0.9158878504672898,0.9587909204414988,213,215,py27
histone_deacetylase_10,0.9152542372881356,0.9350860984935973,31,28,py27
metabotropic_glutamate_receptor_1,0.9142857142857144,0.9210526315789472,19,16,py35
bdnf_nt_3_growth_factors_receptor,0.9142857142857144,0.9688057040998218,17,18,py27
ribosyldihydronicotinamide_dehydrogenase_quinone_,0.9142857142857144,0.9556338028169014,35,35,py27
metabotropic_glutamate_receptor_2,0.9142857142857144,0.943616629874908,18,17,py35
nuclear_receptor_ror_gamma,0.9137931034482758,0.9409017508074112,60,56,py35
substance_k_receptor,0.9135802469135802,0.9537303843308282,122,121,py35
tyrosine_protein_phosphatase_non_receptor_type_1,0.9134948096885812,0.9203821656050956,157,132,py35
histamine_h3_receptor,0.9134045077105576,0.9447932935734592,432,411,py27
prostaglandin_g_h_synthase_2,0.913312693498452,0.9308800089180098,342,304,py27
carbonic_anhydrase_5b_mitochondrial,0.9130434782608696,0.9368093922651934,24,22,py27
lysosomal_pro_x_carboxypeptidase,0.9130434782608696,0.9552128386068748,69,69,py27
mast_stem_cell_growth_factor_receptor_kit,0.9130434782608696,0.9552732996797482,69,69,py35
androgen_receptor,0.9125,0.9416110873826812,165,155,py27
leukotriene_b4_receptor_1,0.912280701754386,0.932933653077538,30,27,py35
dna_dependent_protein_kinase_catalytic_subunit,0.9117647058823528,0.9418511066398392,35,33,py35
nicotinamide_phosphoribosyltransferase,0.9117647058823528,0.9482349961099352,69,67,py27
tissue_factor,0.9090909090909092,0.9166666666666669,12,10,py35
atp_binding_cassette_sub_family_c_member_8,0.9090909090909092,0.9166666666666669,6,5,py27
hormone_sensitive_lipase,0.9090909090909092,0.932149714094912,52,47,py27
sodium_channel_protein_type_4_subunit_alpha,0.9090909090909092,0.9166666666666669,24,20,py35
dipeptidase_1,0.9090909090909092,0.9166666666666669,6,5,py35
tyrosine_protein_phosphatase_non_receptor_type_22,0.9090909090909092,0.9979757085020242,5,6,py27
c_x_c_chemokine_receptor_type_4,0.9090909090909092,0.9528272414870352,22,22,py35
liver_carboxylesterase_1,0.9090909090909092,0.9166666666666669,30,25,py27
serine_threonine_protein_kinase_chk2,0.9090909090909092,0.9166666666666669,6,5,py27
amiloride_sensitive_sodium_channel_subunit_alpha,0.9090909090909092,0.9166666666666669,6,5,py35
receptor_type_tyrosine_protein_phosphatase_beta,0.9090909090909092,0.998031496062992,5,6,py35
myeloperoxidase,0.9090909090909092,0.9404400935631984,17,16,py27
interleukin_8,0.9090909090909092,0.9166666666666669,6,5,py35
sodium_dependent_proline_transporter,0.9090909090909092,0.998031496062992,5,6,py27
sucrase_isomaltase_intestinal,0.9090909090909092,0.9166666666666669,6,5,py35
fibroblast_growth_factor_2,0.9090909090909092,0.9166666666666669,12,10,py27
alpha_2c_adrenergic_receptor,0.9090909090909092,0.9465284524124936,67,65,py27
d1b_dopamine_receptor,0.9090909090909092,0.9166666666666669,18,15,py35
5_hydroxytryptamine_receptor_7,0.9080779944289694,0.9564940533656512,178,181,py27
cathepsin_k,0.9078726968174204,0.9489188569200914,301,296,py27
cannabinoid_receptor_1,0.9077598828696926,0.9505119178673248,343,340,py27
histone_deacetylase_8,0.907563025210084,0.9347827725802682,124,114,py27
atp_sensitive_inward_rectifier_potassium_channel_1,0.9066666666666668,0.9826747720364744,35,40,py35
mitogen_activated_protein_kinase_10,0.9066666666666668,0.982961992136304,35,40,py27
a_disintegrin_and_metalloproteinase_with_thrombospondin_motifs_5,0.9066666666666668,0.9463445302676486,38,37,py27
estradiol_17_beta_dehydrogenase_2,0.90625,0.9384149868731368,66,62,py27
non_lysosomal_glucosylceramidase,0.9056603773584906,0.9137931034482758,29,24,py27
5_hydroxytryptamine_receptor_1a,0.9053177691309988,0.9303080603939892,405,366,py27
tyrosine_protein_kinase_btk,0.9051094890510948,0.9242613377331046,73,64,py27
prostaglandin_e2_receptor_ep2_subtype,0.9047619047619048,0.931114946937732,22,20,py35
inosine_5_monophosphate_dehydrogenase_1,0.9047619047619048,0.9130434782608696,23,19,py27
glutamate_receptor_ionotropic_kainate_2,0.9032258064516128,0.9117647058823528,17,14,py27
glutamate_receptor_2,0.9032258064516128,0.9649774774774776,30,32,py35
5_hydroxytryptamine_receptor_1b,0.9029126213592232,0.9260652560728392,109,97,py27
c_c_chemokine_receptor_type_1,0.9016393442622952,0.9289943391866914,64,58,py35
histone_deacetylase_6,0.9015151515151516,0.9201298502773112,283,245,py27
platelet_activating_factor_receptor,0.9014084507042254,0.9433614119534696,36,35,py35
epoxide_hydrolase_1,0.9,0.9487489574645536,30,30,py27
dual_specificity_tyrosine_phosphorylation_regulated_kinase_1b,0.9,0.9974424552429668,9,11,py35
apolipoprotein_b_100,0.9,0.997175141242938,9,11,py27
serine_threonine_protein_kinase_plk1,0.9,0.9638805801681808,29,31,py27
lysine_specific_histone_demethylase_1a,0.9,0.9278627113496002,42,38,py27
histamine_h1_receptor,0.8972972972972973,0.9107477404850576,101,84,py35
dihydrofolate_reductase,0.8969072164948453,0.9217832007242396,103,91,py27
cyclin_dependent_kinase_9,0.8965517241379308,0.90625,32,26,py27
histone_deacetylase_7,0.8965517241379308,0.90625,16,13,py27
interleukin_1_receptor_associated_kinase_4,0.8955223880597014,0.9275499781117759,35,32,py27
5_hydroxytryptamine_receptor_2a,0.8948106591865358,0.9150172163748784,384,329,py27
aldo_keto_reductase_family_1_member_c3,0.8936170212765957,0.9114798055974526,51,43,py27
mitogen_activated_protein_kinase_14,0.8929219600725953,0.937968260660082,280,271,py27
atp_binding_cassette_sub_family_g_member_2,0.8923076923076924,0.9969696969696971,29,36,py27
voltage_dependent_t_type_calcium_channel_subunit_alpha_1g,0.8918918918918919,0.9122044917257682,40,34,py35
neutrophil_elastase,0.8917525773195876,0.9252352661188116,203,185,py27
muscarinic_acetylcholine_receptor_m2,0.891566265060241,0.9137217525453,134,115,py35
muscarinic_acetylcholine_receptor_m1,0.8898678414096917,0.9377429473961304,115,112,py35
beta_2_adrenergic_receptor,0.8888888888888891,0.9312610150173602,74,70,py27
xanthine_dehydrogenase_oxidase,0.8888888888888891,0.9,10,8,py35
geranylgeranyl_transferase_type_1_subunit_beta,0.8888888888888891,0.9,5,4,py35
atp_sensitive_inward_rectifier_potassium_channel_11,0.8888888888888891,0.9,25,20,py35
receptor_interacting_serine_threonine_protein_kinase_1,0.8888888888888891,0.9,5,4,py35
nad_dependent_protein_deacetylase_sirtuin_3_mitochondrial,0.8888888888888891,0.9983333333333334,4,5,py27
kallikrein_1,0.8888888888888891,0.9,10,8,py27
g_protein_coupled_receptor_35,0.8888888888888891,0.9,5,4,py27
lysophosphatidic_acid_receptor_2,0.8888888888888891,0.9,5,4,py35
voltage_dependent_l_type_calcium_channel_subunit_alpha_1s,0.8888888888888891,0.9,5,4,py35
mitogen_activated_protein_kinase_11,0.8888888888888891,0.9977876106194692,4,5,py27
cytochrome_p450_2a6,0.8888888888888891,0.9977876106194692,4,5,py27
lysine_specific_demethylase_4b,0.8888888888888891,0.9,5,4,py35
bromodomain_containing_protein_9,0.8888888888888891,0.9983333333333334,4,5,py27
cyclin_dependent_like_kinase_5,0.8888888888888891,0.9,5,4,py27
matrix_metalloproteinase_16,0.8888888888888891,0.9977876106194692,4,5,py27
methylated_dna_protein_cysteine_methyltransferase,0.8888888888888891,0.9,5,4,py27
lactoylglutathione_lyase,0.8888888888888891,0.9,5,4,py27
transmembrane_prolyl_4_hydroxylase,0.8888888888888891,0.9,5,4,py35
ceramide_glucosyltransferase,0.8888888888888891,0.9,25,20,py27
lysine_specific_demethylase_5c,0.8888888888888888,0.9431656720659278,9,9,py35
dual_3_5_cyclic_amp_and_gmp_phosphodiesterase_11a,0.8888888888888888,0.9430320150659134,9,9,py35
egl_nine_homolog_3,0.8888888888888888,0.9427466515751745,18,18,py27
aminopeptidase_n,0.8888888888888888,0.9427888153053716,18,18,py35
bromodomain_containing_protein_2,0.8888888888888888,0.909902302607685,39,33,py27
5_hydroxytryptamine_receptor_1f,0.8888888888888888,0.9429361488185016,18,18,py35
fatty_acid_amide_hydrolase_1,0.8888888888888888,0.9381711218697942,182,178,py27
d2_dopamine_receptor,0.8879023307436181,0.9281346333495036,466,435,py27
malonyl_coa_decarboxylase_mitochondrial,0.8857142857142858,0.8974358974358974,39,31,py27
alpha_2a_adrenergic_receptor,0.8857142857142857,0.935289425645473,71,69,py27
d_amino_acid_oxidase,0.8852459016393444,0.9207551791713324,32,29,py27
carbonic_anhydrase_12,0.8829516539440204,0.9464971315292592,387,399,py27
alpha_1b_adrenergic_receptor,0.8828828828828829,0.939796704599336,111,111,py27
cysteinyl_leukotriene_receptor_1,0.8823529411764706,0.8947368421052632,19,15,py35
c_x_c_chemokine_receptor_type_1,0.8823529411764706,0.8947368421052632,19,15,py35
bromodomain_containing_protein_4,0.8823529411764706,0.9660847547974414,80,90,py27
mineralocorticoid_receptor,0.8813559322033899,0.9465442603373638,29,30,py35
voltage_dependent_n_type_calcium_channel_subunit_alpha_1b,0.8809523809523809,0.9600317348377998,40,44,py35
melanocortin_receptor_5,0.88,0.8928571428571428,14,11,py35
voltage_dependent_l_type_calcium_channel_subunit_alpha_1c,0.8799999999999999,0.9217200709738024,26,24,py35
fibroblast_growth_factor_receptor_2,0.8787878787878787,0.9508828475336324,32,34,py27
prostaglandin_e_synthase,0.8784313725490196,0.8916083916083917,143,112,py27
heat_shock_protein_hsp_90_beta,0.8783783783783783,0.9681014673686876,69,79,py27
receptor_type_tyrosine_protein_kinase_flt3,0.8777777777777778,0.9107501180358828,96,84,py27
5_hydroxytryptamine_receptor_2c,0.8766519823788547,0.9292917136219581,231,223,py27
lysine_specific_demethylase_5b,0.8750000000000001,0.8888888888888888,9,7,py35
methionine_aminopeptidase_1,0.8750000000000001,0.8888888888888888,9,7,py27
perforin_1,0.8750000000000001,0.9946236559139784,7,9,py27
serine_threonine_protein_kinase_receptor_r3,0.8750000000000001,0.8888888888888888,9,7,py35
nadph_oxidase_4,0.8750000000000001,0.8888888888888888,9,7,py35
endoplasmin,0.8750000000000001,0.9976359338061466,7,9,py27
bcl2_associated_agonist_of_cell_death,0.875,0.9345588235294118,8,8,py27
dctp_pyrophosphatase_1,0.875,0.935,8,8,py27
rod_cgmp_specific_3_5_cyclic_phosphodiesterase_subunit_alpha,0.875,0.9359984984984984,8,8,py27
tankyrase_2,0.875,0.9254257595207529,41,39,py27
nitric_oxide_synthase_inducible,0.8735632183908046,0.9254188368390956,89,85,py27
cholinesterase,0.8728323699421966,0.9394600282758178,171,175,py27
tyrosine_protein_kinase_lck,0.8723404255319149,0.9091309385863268,100,88,py27
type_2_angiotensin_ii_receptor,0.8703703703703702,0.9762248333676904,49,59,py27
somatostatin_receptor_type_1,0.8695652173913044,0.8846153846153846,13,10,py35
peregrin,0.8695652173913043,0.9522778808493096,11,12,py27
phosphatidylinositol_4_5_bisphosphate_3_kinase_catalytic_subunit_delta_isoform,0.8691588785046729,0.910470565900498,113,101,py27
rac_gamma_serine_threonine_protein_kinase,0.8666666666666667,0.9315085158150852,15,15,py27
protein_glutamine_gamma_glutamyltransferase_2,0.8666666666666667,0.9315665488810364,30,30,py27
beta_1_3_galactosyl_o_glycosyl_glycoprotein_beta_1_6_n_acetylglucosaminyltransferase,0.865979381443299,0.8818181818181818,55,42,py35
protein_kinase_c_delta_type,0.8656716417910448,0.9650054225831672,31,36,py27
acetylcholinesterase,0.8655569782330346,0.9270948088911176,394,387,py27
histone_deacetylase_2,0.8636363636363636,0.9060205226871894,140,124,py27
neuropeptide_y_receptor_type_5,0.863157894736842,0.8960778147183035,155,130,py35
5_hydroxytryptamine_receptor_3a,0.8620689655172413,0.9151192113709308,90,84,py35
histone_deacetylase_4,0.8593750000000001,0.8767123287671232,73,55,py27
protein_kinase_c_epsilon_type,0.8571428571428572,0.9025145959233842,26,23,py27
corticosteroid_11_beta_dehydrogenase_isozyme_2,0.8571428571428571,0.875,8,6,py27
replication_protein_a_70_kda_dna_binding_subunit,0.8571428571428571,0.875,4,3,py35
protein_serine_o_palmitoleoyltransferase_porcupine,0.8571428571428571,0.875,8,6,py35
dna_repair_protein_complementing_xp_g_cells,0.8571428571428571,0.875,4,3,py35
lysine_specific_demethylase_4a,0.8571428571428571,0.875,8,6,py27
protein_mdm4,0.8571428571428571,0.9264255058246476,7,7,py27
sphingosine_kinase_1,0.8571428571428571,0.875,4,3,py35
chymotrypsin_c,0.8571428571428571,0.875,4,3,py35
transcription_factor_p65,0.8571428571428571,0.9948453608247424,6,8,py35
7_8_dihydro_8_oxoguanine_triphosphatase,0.8571428571428571,0.875,8,6,py35
histone_deacetylase_9,0.8571428571428571,0.9151422764227642,18,17,py27
retinal_rod_rhodopsin_sensitive_cgmp_3_5_cyclic_phosphodiesterase_subunit_delta,0.8571428571428571,0.9270562770562769,7,7,py35
adenosine_deaminase,0.8571428571428571,0.875,4,3,py35
tissue_alpha_l_fucosidase,0.8571428571428571,0.9270376862401404,7,7,py35
acid_sensing_ion_channel_3,0.8571428571428571,0.875,4,3,py35
muscarinic_acetylcholine_receptor_m5,0.8518518518518519,0.8709677419354839,31,23,py35
oxysterols_receptor_lxr_alpha,0.8505747126436781,0.8848429432013771,48,39,py35
aromatase,0.8484848484848486,0.8996552666337629,227,202,py27
telomerase_reverse_transcriptase,0.8461538461538459,0.8666666666666667,30,22,py27
monoglyceride_lipase,0.8461538461538459,0.8666666666666667,30,22,py27
lysine_specific_demethylase_4c,0.8421052631578948,0.8636363636363636,11,8,py27
catechol_o_methyltransferase,0.8421052631578948,0.8985250737463126,10,9,py35
sodium_channel_protein_type_5_subunit_alpha,0.8421052631578947,0.8826437916098248,73,60,py35
multidrug_resistance_protein_1,0.8387096774193549,0.8666877138015922,124,93,py27
carbonic_anhydrase_5a_mitochondrial,0.8387096774193549,0.8709178461987451,35,27,py27
gamma_aminobutyric_acid_receptor_subunit_alpha_2,0.8387096774193549,0.8923385401507066,33,29,py35
prostaglandin_g_h_synthase_1,0.8387096774193548,0.8611111111111112,72,52,py27
cocaine_esterase,0.8387096774193548,0.8611111111111112,18,13,py35
vascular_endothelial_growth_factor_receptor_1,0.8358208955223881,0.8981532779316713,35,32,py35
serine_threonine_protein_kinase_plk4,0.8333333333333333,0.9959514170040488,10,14,py27
proteasome_subunit_beta_type_2,0.8333333333333333,0.8571428571428572,7,5,py35
amp_deaminase_3,0.8333333333333333,0.8571428571428572,7,5,py27
carnitine_o_palmitoyltransferase_2_mitochondrial,0.8333333333333333,0.9960629921259844,5,7,py27
caspase_2,0.8333333333333333,0.8571428571428572,7,5,py27
protein_arginine_n_methyltransferase_1,0.8333333333333333,0.8571428571428572,7,5,py35
voltage_dependent_l_type_calcium_channel_subunit_alpha_1d,0.8333333333333333,0.8571428571428572,7,5,py35
sodium_channel_protein_type_10_subunit_alpha,0.8260869565217391,0.8518518518518519,27,19,py35
cytosolic_phospholipase_a2,0.823529411764706,0.8616360650843409,29,22,py27
epithelial_discoidin_domain_containing_receptor_1,0.8235294117647058,0.9952978056426331,7,10,py35
insulin_receptor,0.8235294117647058,0.85,10,7,py27
nischarin,0.819672131147541,0.8771870249991914,33,28,py27
menin,0.8181818181818182,0.9061323292092524,11,11,py35
phenylethanolamine_n_methyltransferase,0.8181818181818182,0.9071752002786484,11,11,py27
melanocortin_receptor_3,0.8181818181818182,0.8739270386266094,12,10,py35
peptidyl_prolyl_cis_trans_isomerase_nima_interacting_1,0.8181818181818181,0.8461538461538461,13,9,py27
transient_receptor_potential_cation_channel_subfamily_a_member_1,0.8157894736842106,0.8857554082344731,40,36,py35
carbonic_anhydrase_4,0.8148148148148148,0.8738052568697731,44,37,py27
sterol_o_acyltransferase_1,0.8148148148148148,0.8655418072740907,30,24,py27
microtubule_associated_protein_tau,0.8146399055489966,0.8817518248175182,450,397,py27
muscarinic_acetylcholine_receptor_m4,0.8115942028985508,0.8496563573883161,40,29,py35
ectonucleotide_pyrophosphatase_phosphodiesterase_family_member_2,0.8095238095238096,0.8534760589318602,24,18,py27
histone_deacetylase_11,0.8095238095238095,0.8400000000000001,25,17,py27
sigma_non_opioid_intracellular_receptor_1,0.8031704095112285,0.8835657509839278,394,363,py27
translocator_protein,0.8000000000000002,0.8980314960629922,5,5,py27
calcium_calmodulin_dependent_3_5_cyclic_nucleotide_phosphodiesterase_1c,0.8000000000000002,0.8976958525345623,5,5,py27
somatostatin_receptor_type_4,0.8000000000000002,0.9563731722822632,13,17,py35
glutamate_receptor_ionotropic_kainate_5,0.8000000000000002,0.8966887417218543,5,5,py27
carnitine_o_palmitoyltransferase_1_muscle_isoform,0.8,0.8333333333333333,9,6,py35
voltage_dependent_t_type_calcium_channel_subunit_alpha_1h,0.8,0.8333333333333333,18,12,py35
potassium_sodium_hyperpolarization_activated_cyclic_nucleotide_gated_channel_1,0.8,0.9937106918238994,4,6,py35
fatty_acid_binding_protein_adipocyte,0.8,0.8333333333333333,9,6,py35
potassium_voltage_gated_channel_subfamily_kqt_member_1,0.8,0.9957081545064378,4,6,py35
leucyl_cystinyl_aminopeptidase,0.8,0.996742671009772,4,6,py27
gamma_aminobutyric_acid_receptor_subunit_beta_3,0.8,0.8333333333333333,9,6,py35
activated_cdc42_kinase_1,0.8,0.9507140369209336,11,14,py27
proteasome_subunit_beta_type_8,0.8,0.9962962962962962,4,6,py35
acid_ceramidase,0.8,0.996742671009772,4,6,py27
cysteinyl_leukotriene_receptor_2,0.8,0.8333333333333333,6,4,py27
mitogen_activated_protein_kinase_kinase_kinase_7,0.7999999999999999,0.9229534510433388,7,8,py27
rho_associated_protein_kinase_1,0.7999999999999999,0.8686302311592333,27,23,py27
mitogen_activated_protein_kinase_9,0.7894736842105262,0.9359590792838874,17,21,py35
tankyrase_1,0.7868852459016393,0.8329704886308659,36,25,py27
5_hydroxytryptamine_receptor_2b,0.783068783068783,0.8608030603935629,102,87,py27
carbonic_anhydrase_6,0.7826086956521741,0.8877481600593728,23,23,py27
cathepsin_g,0.7826086956521738,0.8727678571428571,12,11,py27
dipeptidyl_peptidase_9,0.7792207792207793,0.8554894179894181,42,35,py27
m_phase_inducer_phosphatase_2,0.7777777777777778,0.8863313441318557,9,9,py35
transmembrane_domain_containing_protein_tmigd3,0.7777777777777778,0.9950980392156864,7,11,py27
5_hydroxytryptamine_receptor_5a,0.7777777777777778,0.8181818181818181,22,14,py27
histamine_h2_receptor,0.7777777777777777,0.9286764705882352,8,10,py27
poly_adp_ribose_polymerase_2,0.7777777777777777,0.8489878542510122,10,8,py27
indoleamine_2_3_dioxygenase_1,0.7777777777777777,0.8487489574645537,30,24,py27
aldo_keto_reductase_family_1_member_b10,0.7692307692307693,0.8125,8,5,py35
potassium_sodium_hyperpolarization_activated_cyclic_nucleotide_gated_channel_4,0.7692307692307693,0.9909638554216867,5,8,py35
tissue_type_plasminogen_activator,0.7692307692307692,0.8324209245742092,15,11,py27
hematopoietic_prostaglandin_d_synthase,0.7647058823529411,0.9017373646209388,16,18,py35
prostacyclin_receptor,0.7619047619047621,0.8615443134271586,11,10,py35
transcription_factor_ap_1,0.7619047619047621,0.9394193188163036,9,12,py35
phosphatidylinositol_4_5_bisphosphate_3_kinase_catalytic_subunit_gamma_isoform,0.7567567567567568,0.8086149353358364,68,43,py27
cyclin_dependent_kinase_1,0.7547169811320754,0.8217754921822242,31,22,py27
discoidin_domain_containing_receptor_2,0.75,0.8728540772532192,4,4,py35
protein_tyrosine_kinase_2_beta,0.75,0.8691176470588236,8,8,py35
tyrosine_protein_kinase_lyn,0.75,0.8319482917820867,9,7,py27
n_acylethanolamine_hydrolyzing_acid_amidase,0.75,0.8727876106194691,4,4,py27
protein_arginine_n_methyltransferase_6,0.7499999999999999,0.8,5,3,py27
cathepsin_e,0.7499999999999999,0.9936305732484076,6,10,py35
neuropeptide_ff_receptor_1,0.7499999999999999,0.8,5,3,py27
hypoxanthine_guanine_phosphoribosyltransferase,0.7499999999999999,0.8,5,3,py27
alpha_synuclein,0.7407407407407407,0.7941176470588236,17,10,py27
gamma_aminobutyric_acid_receptor_subunit_alpha_3,0.7368421052631579,0.8170480313337455,11,8,py35
gamma_aminobutyric_acid_receptor_subunit_alpha_1,0.73015873015873,0.8260563380281691,35,28,py35
amine_oxidase_flavin_containing_a,0.7272727272727274,0.7936665192392747,102,63,py27
receptor_tyrosine_protein_kinase_erbb_4,0.7272727272727273,0.9935622317596566,4,7,py27
toll_like_receptor_9,0.7272727272727273,0.9905660377358492,4,7,py27
caspase_6,0.7200000000000001,0.9034219748505464,11,14,py35
alpha_2b_adrenergic_receptor,0.7169811320754716,0.8254494547597996,29,24,py27
kynurenine_3_monooxygenase,0.7142857142857143,0.7777777777777778,9,5,py27
extracellular_calcium_sensing_receptor,0.7142857142857143,0.7777777777777778,18,10,py35
nitric_oxide_synthase_endothelial,0.7142857142857143,0.7777777777777778,18,10,py27
cytochrome_p450_3a4,0.7142857142857143,0.7777777777777778,9,5,py27
lim_domain_kinase_1,0.7058823529411765,0.8305632502308402,9,8,py27
receptor_type_tyrosine_protein_phosphatase_c,0.6666666666666666,0.75,10,5,py35
aldo_keto_reductase_family_1_member_c1,0.6666666666666666,0.75,6,3,py27
toll_like_receptor_4,0.6666666666666666,0.75,4,2,py27
voltage_dependent_t_type_calcium_channel_subunit_alpha_1i,0.6666666666666666,0.75,4,2,py35
dual_specificity_protein_kinase_clk1,0.6666666666666666,0.75,4,2,py27
chymotrypsinogen_b,0.6666666666666666,0.75,4,2,py27
voltage_dependent_calcium_channel_subunit_alpha_2_delta_2,0.6666666666666666,0.75,8,4,py35
proteasome_subunit_beta_type_1,0.6666666666666666,0.8491214667685256,7,8,py27
histone_arginine_methyltransferase_carm1,0.6666666666666666,0.75,4,2,py35
lysine_specific_demethylase_6b,0.6666666666666666,0.75,6,3,py27
sodium_channel_protein_type_2_subunit_alpha,0.6666666666666666,0.75,24,12,py35
tyrosine_protein_kinase_receptor_tyro3,0.6666666666666666,0.75,8,4,py27
ectonucleotide_pyrophosphatase_phosphodiesterase_family_member_1,0.6666666666666665,0.7966887417218543,5,4,py27
tyrosine_protein_kinase_receptor_ufo,0.6666666666666665,0.7979757085020243,5,4,py27
vascular_endothelial_growth_factor_receptor_3,0.6451612903225806,0.7752652149637075,18,13,py27
sodium_channel_protein_type_8_subunit_alpha,0.6153846153846153,0.8227699530516431,6,7,py35
sodium_channel_protein_type_1_subunit_alpha,0.6153846153846153,0.7222222222222222,9,4,py35
histone_deacetylase_5,0.6153846153846153,0.7344364847139542,17,9,py27
gamma_aminobutyric_acid_receptor_subunit_gamma_2,0.6153846153846153,0.7222222222222222,9,4,py35
aurora_kinase_c,0.6,0.7142857142857143,7,3,py35
macrophage_migration_inhibitory_factor,0.6,0.8694444444444445,4,6,py35
cytosolic_phospholipase_a2_beta,0.6,0.7142857142857143,7,3,py27
transient_receptor_potential_cation_channel_subfamily_v_member_4,0.6,0.7142857142857143,7,3,py35
gamma_aminobutyric_acid_receptor_subunit_beta_2,0.5714285714285715,0.7481481481481481,4,3,py35
dual_specificity_protein_kinase_clk4,0.5714285714285715,0.7,5,2,py35
proto_oncogene_tyrosine_protein_kinase_ros,0.5714285714285715,0.9894736842105264,4,10,py27
intermediate_conductance_calcium_activated_potassium_channel_protein_4,0.5714285714285715,0.8244837758112094,9,12,py35
glycine_receptor_subunit_alpha_1,0.5714285714285715,0.7477876106194691,4,3,py35
small_conductance_calcium_activated_potassium_channel_protein_3,0.5714285714285715,0.7468553459119497,4,3,py35
gamma_aminobutyric_acid_receptor_subunit_alpha_4,0.5454545454545454,0.7429577464788732,6,5,py35
neuronal_acetylcholine_receptor_subunit_alpha_3,0.5454545454545454,0.7429577464788732,6,5,py35
dna_topoisomerase_2_alpha,0.5,0.7394366197183099,6,6,py27
transthyretin,0.5,0.709478021978022,7,5,py35
acetylcholine_receptor_subunit_alpha,0.5,0.6666666666666666,6,2,py35
macrophage_stimulating_protein_receptor,0.4444444444444445,0.6428571428571428,7,2,py27
tyrosine_protein_kinase_fyn,0.4444444444444444,0.6636363636363636,6,3,py27
3_beta_hydroxysteroid_delta_8_delta_7_isomerase,0.4,0.625,4,1,py27
sodium_channel_protein_type_3_subunit_alpha,0.4,0.8578326180257511,4,11,py35
tyrosine_protein_kinase_yes,0.3636363636363636,0.6111111111111112,9,2,py27
dual_specificity_protein_phosphatase_3,0.33333333333333337,0.6,5,1,py27
cytochrome_p450_2d6,0.2857142857142857,0.621742671009772,4,3,py35
cytochrome_p450_2c19,0.26666666666666666,0.7342105263157895,4,11,py35
fad_linked_sulfhydryl_oxidase_alr,0.24285714285714285,0.5844144884337104,96,44,py27
cytochrome_p450_2c9,0.22222222222222224,0.6124213836477987,4,5,py27
p_selectin,0.2222222222222222,0.5625,8,1,py27
fatty_acid_binding_protein_heart,0.0,0.5,5,0,py27
creb_binding_protein,0.0,0.5,7,0,py27
wd_repeat_containing_protein_5,0.0,0.5,6,0,py27
cathepsin_f,0.0,0.5,8,0,py27
aryl_hydrocarbon_receptor,0.0,0.5,9,0,py35
